Circuit,Type,Nodes,Mean_MSE,Max_Z,Gini,p99
B15-T200,Golden,3044,5.4564095,17.830479,0.3598075,26.470829
EXT_AIG_ADDER,Golden,2162,0.022123616,4.392671,0.17206067,0.057030104
EXT_AIG_ARBITER,Golden,23233,0.066626206,9.598876,0.2688151,1.96825
EXT_AIG_BAR,Golden,5263,0.11816775,63.351562,0.41880924,0.078735635
EXT_AIG_CAVLC,Golden,1279,0.032881297,20.65808,0.3097561,0.1406247
EXT_AIG_CTRL,Golden,306,0.026650447,14.699596,0.27616233,0.11578795
EXT_AIG_DEC,Golden,312,0.071974084,3.33551,0.23241591,0.3640284
EXT_AIG_DIV,Golden,101603,0.09782833,177.44252,0.2275433,0.24161354
EXT_AIG_HYP,Golden,420512,0.34211364,620.40155,0.16802621,0.78772247
EXT_AIG_I2C,Golden,2176,0.03903683,45.895298,0.3337791,0.21014553
EXT_AIG_INT2FLOAT,Golden,443,0.025887547,11.010869,0.2621854,0.29982316
EXT_AIG_LOG2,Golden,54467,0.09418271,61.42795,0.25126833,0.31667513
EXT_AIG_MAX,Golden,5383,0.0874074,32.38841,0.2793094,0.21561946
EXT_AIG_MEM_CTRL,Golden,82265,0.070396006,152.0226,0.38234884,0.19029318
EXT_AIG_MULTIPLIER,Golden,50504,0.05301629,25.423344,0.18570346,0.12196753
EXT_AIG_PRIORITY,Golden,1907,0.04752767,5.5325565,0.21056902,0.14582434
EXT_AIG_ROUTER,Golden,459,0.028438535,3.8758426,0.16467911,0.07778319
EXT_AIG_SIN,Golden,8898,0.056413263,42.262756,0.20591503,0.33575237
EXT_AIG_SQRT,Golden,41042,0.13684869,192.11491,0.30454803,0.23244461
EXT_AIG_SQUARE,Golden,35492,0.03666872,45.71893,0.18669617,0.12089109
EXT_AIG_VOTER,Golden,26718,0.0430698,8.189242,0.11831921,0.0950722
EXT_ARITHMETIC_ADDER,Golden,2162,0.022123616,4.392671,0.17206067,0.057030104
EXT_ARITHMETIC_BAR,Golden,5263,0.11816775,63.351562,0.41880924,0.078735635
EXT_ARITHMETIC_DIV,Golden,101603,0.09782833,177.44252,0.2275433,0.24161354
EXT_ARITHMETIC_HYP,Golden,420512,0.34211364,620.40155,0.16802621,0.78772247
EXT_ARITHMETIC_LOG2,Golden,54467,0.09418271,61.42795,0.25126833,0.31667513
EXT_ARITHMETIC_MAX,Golden,5383,0.0874074,32.38841,0.2793094,0.21561946
EXT_ARITHMETIC_MULTIPLIER,Golden,50504,0.05301629,25.423344,0.18570346,0.12196753
EXT_ARITHMETIC_SIN,Golden,8898,0.056413263,42.262756,0.20591503,0.33575237
EXT_ARITHMETIC_SQRT,Golden,41042,0.13684869,192.11491,0.30454803,0.23244461
EXT_ARITHMETIC_SQUARE,Golden,35492,0.03666872,45.71893,0.18669617,0.12089109
EXT_RANDOM_CONTROL_ARBITER,Golden,23233,0.066626206,9.598876,0.2688151,1.96825
EXT_RANDOM_CONTROL_CAVLC,Golden,1279,0.032881297,20.65808,0.3097561,0.1406247
EXT_RANDOM_CONTROL_CTRL,Golden,306,0.026650447,14.699596,0.27616233,0.11578795
EXT_RANDOM_CONTROL_DEC,Golden,312,0.071974084,3.33551,0.23241591,0.3640284
EXT_RANDOM_CONTROL_I2C,Golden,2176,0.03903683,45.895298,0.3337791,0.21014553
EXT_RANDOM_CONTROL_INT2FLOAT,Golden,443,0.025887547,11.010869,0.2621854,0.29982316
EXT_RANDOM_CONTROL_MEM_CTRL,Golden,82265,0.070396006,152.0226,0.38234884,0.19029318
EXT_RANDOM_CONTROL_PRIORITY,Golden,1907,0.04752767,5.5325565,0.21056902,0.14582434
EXT_RANDOM_CONTROL_ROUTER,Golden,459,0.028438535,3.8758426,0.16467911,0.07778319
EXT_RANDOM_CONTROL_VOTER,Golden,26718,0.0430698,8.189242,0.11831921,0.0950722
FIFO,Golden,338,1.953472,5.1671042,0.1587475,5.4132166
FIR,Golden,235,2.2505207,14.357072,0.20889139,5.018852
FPU,Golden,481,4.888895,7.251872,0.30030388,24.497154
I2C,Golden,697,2.851552,4.1484637,0.23399103,11.598667
OC_BROADCAST_FILTER,Golden,14,0.016003054,3.1384048,0.19652987,0.057121012
OC_CLK_DIV2,Golden,2,0.014463876,8.242205e-07,1.424551e-05,0.014464684
OC_CLK_SWITCH,Golden,1,0.05462144,0.0,0.0,0.05462144
OC_CRC_CHK,Golden,225,0.28161016,11.213412,0.29985452,1.0988892
OC_CRC_GEN,Golden,231,0.2826131,11.35614,0.29913664,1.0667417
OC_ETH_CLOCKGEN,Golden,12,0.026505662,2.4875274,0.17454863,0.06658954
OC_ETH_OUTPUTCONTROL,Golden,31,0.020549094,2.5870569,0.16142899,0.055005103
OC_ETH_SHIFTREG,Golden,25,0.04106632,3.476923,0.19231504,0.14945339
OC_FLOW_CTRL,Golden,31,0.021098597,2.3554976,0.19243693,0.057715796
OC_MAC_RX_CTRL,Golden,143,0.102401175,9.705268,0.357382,1.5814562
OC_MAC_TX_CTRL,Golden,201,0.14291587,13.728823,0.3456326,0.6748967
OC_MMC_BOOT_PRESCALER,Golden,4,0.013496588,1.0482762,0.06281465,0.016936691
OC_MMC_CMD_SELECT,Golden,89,0.032165404,4.0374045,0.20476824,0.13867056
OC_MUX4TO1,Golden,6,0.045492683,2.2322247,0.09242779,0.090891615
OC_PHY_INT,Golden,33,0.0304014,3.0485566,0.21851254,0.1203684
OC_PHY_SIM,Golden,3,0.028852252,0.8230538,0.092862904,0.03769846
OC_PSGBUSARB,Golden,100,0.011678164,9.51442,0.23390788,0.035344392
OC_PSGCHANNELSUMMER,Golden,9,0.028299369,1.0975256,0.113375306,0.040943112
OC_PSGFILTER,Golden,119,0.29721832,9.250473,0.403085,6.536626
OC_PSGMASTERVOLUMECONTROL,Golden,9,0.024885986,1.7861395,0.16588634,0.053165797
OC_PSGNOTEOUTMUX,Golden,9,0.028567143,0.99242246,0.097170234,0.03870274
OC_PSGOUTPUTSUMMER,Golden,4,0.036292873,1.0025712,0.09715384,0.05014033
OC_PSGSHAPER,Golden,3,0.026231213,1.2148552,0.1258409,0.040677022
OC_RAMDON_GEN,Golden,28,0.060921606,5.17749,0.32645804,0.7126845
OC_REG_INT,Golden,9,0.029693134,1.0134516,0.10131997,0.040986244
OC_RMON_ADDR_GEN,Golden,61,0.04702031,7.364457,0.32184333,0.5093718
OC_RMON_CTRL,Golden,60,0.032143086,5.357941,0.22363847,0.16328779
OC_XILINX_FPGA_CONFIG_INT,Golden,73,0.030961376,5.564044,0.21152824,0.18637703
RS232-T2200,Golden,53,1.1503607,4.4116397,0.1679259,3.4782305
SDRAM,Golden,240,1.8460397,9.722765,0.20498502,10.485028
SOC-WB,Golden,1229,0.9475668,11.217738,0.23587942,10.884343
SPI,Golden,160,2.1150796,4.952979,0.20281476,11.921584
TV_80,Golden,370,1.5331837,4.3988476,0.20204431,4.769078
UART_16550,Golden,348,2.928138,4.9554553,0.23430347,11.92322
AES-HT210,Trojan,423,0.058373768,8.692595,0.36025798,0.976353
AES-T100,Trojan,416,0.055978324,7.6706553,0.3541594,0.8706581
AES-T1000,Trojan,195,0.041102156,7.0693226,0.20059401,0.33764118
AES-T1100,Trojan,461,0.0491293,6.521696,0.22213143,0.40121952
AES-T1200,Trojan,752,0.040421568,10.014374,0.27420586,0.3248016
AES-T1600,Trojan,646,0.08610546,25.259043,0.2865432,0.13018468
AES-T600,Trojan,269,0.040151168,6.8221607,0.16789329,0.3786429
EXTERNAL_ADDER,Trojan,762,184.84494,2.3344822,0.35921055,931.56036
PIC16F84-T100,Trojan,2998,0.11247446,35.44468,0.29825455,0.81724143
PIC16F84-T200,Trojan,2773,0.10812341,33.02463,0.2951883,0.8013655
PIC16F84-T300,Trojan,2767,0.107326716,33.04546,0.2947743,0.7642011
PIC16F84-T400,Trojan,2767,0.107402265,33.02859,0.29482865,0.7642011
RS232-T100,Trojan,53,0.027509168,3.3826551,0.16588998,0.08502218
RS232-T1000,Trojan,268,4.746582,5.7909226,0.21755022,24.728619
RS232-T1100,Trojan,271,4.781715,5.843156,0.21692574,24.489994
RS232-T1200,Trojan,273,4.500035,5.8801928,0.2246806,24.8446
RS232-T1300,Trojan,267,4.5361795,5.9033175,0.2198391,25.21248
RS232-T1400,Trojan,269,4.601277,5.863748,0.2215097,24.634623
RS232-T1500,Trojan,270,4.741258,5.8073735,0.21794546,24.725615
RS232-T1600,Trojan,265,4.5278645,5.8810024,0.22077137,24.887224
RS232-T1700,Trojan,264,4.5674744,5.898874,0.21878904,24.89169
RS232-T1800,Trojan,256,5.197462,5.627912,0.22041094,24.74809
RS232-T1900,Trojan,276,4.2955117,6.056281,0.2259568,24.665234
RS232-T2000,Trojan,268,4.359785,5.9655223,0.22363704,24.818594
RS232-T300,Trojan,392,0.0477752,17.640135,0.2270667,0.21506603
RS232-T500,Trojan,269,0.055367235,14.52486,0.25982672,0.22066708
RS232-T600,Trojan,140,0.028928539,3.0394163,0.16825718,0.08594032
RS232-T700,Trojan,140,0.028928535,3.0394163,0.16825718,0.08594032
RS232-T900,Trojan,150,0.030256145,3.026257,0.16036612,0.08605331
SRAM-T320,Trojan,12773,1.637362,109.314354,0.46493667,2.2744248
UART-HT100,Trojan,342,0.03698194,7.099085,0.2143215,0.15246287
UART-HT110,Trojan,279,0.038987465,6.907639,0.20289385,0.17464815
UART-T200,Trojan,166,2.6240025,3.994038,0.1747629,10.617967
