node_id,anomaly_score
0,1.299887776374817
1,1.3035153150558472
2,1.3028372526168823
3,1.300910234451294
4,1.3014205694198608
5,1.3018518686294556
6,2.823028326034546
7,1.5556105375289917
8,2.583089590072632
9,1.3767651319503784
10,1.3767651319503784
11,1.3767651319503784
12,1.3767651319503784
13,1.3767651319503784
14,1.3767651319503784
15,1.3767651319503784
16,1.3755182027816772
17,1.3784610033035278
18,1.3784610033035278
19,1.3784610033035278
20,1.3784610033035278
21,1.3784610033035278
22,1.3784610033035278
23,1.3784610033035278
24,1.377198338508606
25,2.0671756267547607
26,0.03791625425219536
27,1.3748242855072021
28,1.3748242855072021
29,1.3748242855072021
30,1.3748242855072021
31,1.3748242855072021
32,1.3748242855072021
33,1.3748242855072021
34,1.3735942840576172
35,0.3775469660758972
36,0.13085870444774628
37,0.08045423775911331
38,1.3784610033035278
39,1.3784610033035278
40,1.3784610033035278
41,1.3784610033035278
42,1.3784610033035278
43,1.3784610033035278
44,1.3784610033035278
45,1.377198338508606
46,0.2097381055355072
47,0.14076240360736847
48,0.21489080786705017
49,0.14901766180992126
50,0.12644192576408386
51,0.12702630460262299
52,1.3799585103988647
53,1.3799585103988647
54,1.3799585103988647
55,1.3799585103988647
56,1.3799585103988647
57,1.3799585103988647
58,1.3799585103988647
59,1.378682017326355
60,0.12072843313217163
61,0.09809524565935135
62,0.07585092633962631
63,0.07585092633962631
64,0.19260559976100922
65,1.3767651319503784
66,1.3767651319503784
67,1.3767651319503784
68,1.3767651319503784
69,1.3767651319503784
70,1.3767651319503784
71,1.3767651319503784
72,1.3755182027816772
73,0.355435311794281
74,0.3937318027019501
75,0.6816587448120117
76,0.4612051248550415
77,0.3776758909225464
78,0.758600115776062
79,0.7716934680938721
80,0.48675453662872314
81,0.39000144600868225
82,0.4855833649635315
83,0.37990427017211914
84,0.5040870904922485
85,0.7417328357696533
86,0.10055732727050781
87,0.059929270297288895
88,0.06153254956007004
89,0.4106636047363281
90,0.7899594306945801
91,0.737196147441864
92,0.743402361869812
93,0.7254839539527893
94,0.7588258981704712
95,0.7488061189651489
96,0.7898649573326111
97,0.09129119664430618
98,0.3247179687023163
99,0.25771284103393555
100,1.1896085739135742
101,1.264985203742981
102,1.171245813369751
103,1.2861546277999878
104,1.1814000606536865
105,1.2953212261199951
106,1.3049731254577637
107,1.3487086296081543
108,1.4405056238174438
109,0.369579017162323
110,0.35084983706474304
111,0.3446429967880249
112,0.33844640851020813
113,0.3385656774044037
114,0.3245042562484741
115,0.3228692412376404
116,0.3231848180294037
117,0.09249360114336014
118,0.08466412872076035
119,0.08104529976844788
120,0.08514825254678726
121,0.08159483969211578
122,0.08614833652973175
123,0.08674126863479614
124,0.1036377102136612
125,0.10141466557979584
126,0.12304453551769257
127,0.10433856397867203
128,0.11494944989681244
129,0.10216359049081802
130,0.1129390224814415
131,0.11262810230255127
132,0.1316884458065033
133,0.13741129636764526
134,0.13748250901699066
135,0.5482054352760315
136,0.5450113415718079
137,0.5463327169418335
138,0.532448947429657
139,0.5570828914642334
140,0.5329110026359558
141,0.5356901288032532
142,0.45956477522850037
143,2.7019808292388916
144,2.7019808292388916
145,2.7019808292388916
146,2.7019808292388916
147,2.704380989074707
148,0.39934688806533813
149,0.386476993560791
150,0.37645620107650757
151,0.3657277822494507
152,0.3650335669517517
153,2.7010552883148193
154,2.7010552883148193
155,2.7010552883148193
156,2.7010552883148193
157,2.7010552883148193
158,2.7010552883148193
159,2.7010552883148193
160,2.7010552883148193
161,0.43497616052627563
162,0.43644073605537415
163,0.4307176172733307
164,0.5292307138442993
165,0.5312102437019348
166,0.4375215768814087
167,0.4014255106449127
168,0.4500923156738281
169,0.21564707159996033
170,0.21564707159996033
171,0.21564707159996033
172,0.21564707159996033
173,0.21564707159996033
174,0.21564707159996033
175,0.21564707159996033
176,0.21564707159996033
177,0.10529123991727829
178,0.10529123991727829
179,0.10529123991727829
180,0.10529123991727829
181,0.10529123991727829
182,1.2705140113830566
183,1.27583646774292
184,1.2665778398513794
185,1.4503438472747803
186,1.4535781145095825
187,1.2801103591918945
188,1.218445897102356
189,1.2971341609954834
190,0.1290196180343628
191,0.11332211643457413
192,0.5849618911743164
193,2.3707449436187744
194,0.10130239278078079
195,0.14326129853725433
196,0.16505132615566254
197,0.1174502968788147
198,0.12408440560102463
199,0.07764881104230881
200,0.07764881104230881
201,0.07764881104230881
202,0.07764881104230881
203,0.07803080976009369
204,0.09852983802556992
205,0.09852983802556992
206,0.09852983802556992
207,0.09852983802556992
208,0.09852983802556992
209,0.09852983802556992
210,0.09852983802556992
211,0.09852983802556992
212,0.1195368617773056
213,1.6013017892837524
214,1.5816259384155273
215,1.576921820640564
216,1.578519344329834
217,1.5726085901260376
218,1.5705513954162598
219,1.5249663591384888
220,1.5941612720489502
221,1.5909686088562012
222,1.5959197282791138
223,1.5775142908096313
224,1.5697473287582397
225,1.4671766757965088
226,1.4570531845092773
227,0.6533267498016357
228,0.5867906212806702
229,0.6011757850646973
230,0.5859200358390808
231,0.6284966468811035
232,0.6284966468811035
233,0.6595326066017151
234,0.7759255170822144
235,0.2853206992149353
236,0.1917153298854828
237,0.14354363083839417
238,0.11756233870983124
239,3.2351438999176025
240,2.2765462398529053
241,2.2381112575531006
242,2.007779836654663
243,2.2624566555023193
244,2.255263090133667
245,1.544528841972351
246,1.7361100912094116
247,1.5362708568572998
248,0.08676157891750336
249,2.5918209552764893
250,0.07507019490003586
251,0.09125726670026779
252,0.1234026849269867
253,0.15438951551914215
254,0.15438951551914215
255,0.15438951551914215
256,0.15438951551914215
257,0.15438951551914215
258,0.15438951551914215
259,0.15438951551914215
260,0.15438951551914215
261,0.15438951551914215
262,0.08147654682397842
263,0.08233307301998138
264,0.07884349673986435
265,0.08233307301998138
266,0.08028370887041092
267,0.08063992112874985
268,0.08000947535037994
269,0.07545240968465805
270,0.04625335708260536
271,0.04016008600592613
272,0.0424865297973156
273,0.04491826146841049
274,0.04672139883041382
275,0.04761914536356926
276,0.04943831264972687
277,0.0497034527361393
278,0.16297174990177155
279,0.18899749219417572
280,0.16297174990177155
281,0.20684437453746796
282,0.043587636202573776
283,0.1269465833902359
284,0.16000191867351532
285,0.1630408763885498
286,0.1895221769809723
287,0.18092863261699677
288,0.06735265254974365
289,0.712700366973877
290,0.048648592084646225
291,0.09882999956607819
292,0.08330471813678741
293,0.06119028478860855
294,0.11635448783636093
295,0.0697210505604744
296,0.05505509674549103
297,0.0931992381811142
298,0.12208675593137741
299,0.10231398046016693
300,0.12695784866809845
301,0.1188066303730011
302,0.04502999037504196
303,0.06081104278564453
304,0.10312677174806595
305,0.09327254444360733
306,0.10411826521158218
307,0.1864861696958542
308,0.09362529218196869
309,0.10411826521158218
310,0.10133124887943268
311,1.3767651319503784
312,1.3767651319503784
313,1.3767651319503784
314,1.3767651319503784
315,1.3767651319503784
316,1.3767651319503784
317,1.3767651319503784
318,1.3755182027816772
319,0.11668750643730164
320,1.3784610033035278
321,1.3784610033035278
322,1.3784610033035278
323,1.3784610033035278
324,1.3784610033035278
325,1.3784610033035278
326,1.3784610033035278
327,1.377198338508606
328,0.1173340380191803
329,0.08497773855924606
330,0.08905787765979767
331,1.0303291082382202
332,1.0314037799835205
333,1.002643346786499
334,1.0259312391281128
335,1.0291249752044678
336,1.0430909395217896
337,1.0653212070465088
338,0.11855048686265945
339,0.08932851254940033
340,0.2116253525018692
341,0.152104452252388
342,1.4765653610229492
343,0.21395111083984375
344,0.1962684988975525
345,0.08940872550010681
346,0.33938711881637573
347,0.1198451891541481
348,0.09368208795785904
349,0.09704884141683578
350,0.0895671620965004
351,0.09276746958494186
352,0.09607940912246704
353,0.09733991324901581
354,0.09334997087717056
355,0.10165774077177048
356,0.169062077999115
357,0.17428290843963623
358,0.1681113839149475
359,0.17478328943252563
360,0.1593521535396576
361,0.1628538966178894
362,0.16084153950214386
363,0.1599726378917694
364,0.159524604678154
365,0.16182348132133484
366,0.17698347568511963
367,0.2357315868139267
368,0.43464070558547974
369,0.4412037134170532
370,0.4451426565647125
371,0.44020453095436096
372,0.40431302785873413
373,1.8904768228530884
374,0.1768825650215149
375,0.16421161592006683
376,0.1814572513103485
377,0.06153958663344383
378,0.12134484201669693
379,0.06136702746152878
380,0.08894208818674088
381,0.03337271511554718
382,0.03418464958667755
383,0.0564732551574707
384,0.03432021662592888
385,0.10011044144630432
386,0.09558840841054916
387,0.10258898884057999
388,0.05712490528821945
389,0.05568215250968933
390,0.08107365667819977
391,0.11199181526899338
392,0.06627441942691803
393,0.41656118631362915
394,0.19739586114883423
395,0.15669870376586914
396,0.11998448520898819
397,0.13093408942222595
398,0.10861141234636307
399,0.07717780023813248
400,0.08503033220767975
401,0.12167377024888992
402,0.08521926403045654
403,0.0844421535730362
404,0.10891551524400711
405,0.09670919924974442
406,0.09388552606105804
407,0.08795241266489029
408,0.06026487797498703
409,0.05274713411927223
410,0.09169239550828934
411,0.10152222216129303
412,0.06734700500965118
413,0.09685968607664108
414,0.10726391524076462
415,0.08495218306779861
416,0.08894550055265427
417,0.1316942721605301
418,0.09155971556901932
419,0.05102229863405228
420,0.09446394443511963
421,0.048461299389600754
422,0.12802332639694214
423,0.06033826991915703
424,0.08805924654006958
425,0.09657751023769379
426,0.10532200336456299
427,0.056264325976371765
428,0.08824858069419861
429,0.15583766996860504
430,0.10905382037162781
431,0.11225464195013046
432,0.06352933496236801
433,0.10638301819562912
434,0.06771545112133026
435,0.13897523283958435
436,0.06826380640268326
437,0.10603251308202744
438,0.15503376722335815
439,0.04814428463578224
440,0.14781959354877472
441,0.13766705989837646
442,0.31472501158714294
443,0.20740708708763123
444,0.33920297026634216
445,0.6164560317993164
446,0.1028718501329422
447,0.04894650727510452
448,0.16588212549686432
449,0.09106140583753586
450,0.250998318195343
451,0.06075550243258476
452,0.1375311017036438
453,0.0721292495727539
454,0.06174715608358383
455,0.08337286859750748
456,0.05803258344531059
457,0.04708510637283325
458,0.07656791806221008
459,0.05647870898246765
460,0.06626734137535095
461,0.08224593847990036
462,0.04547804966568947
463,0.06429949402809143
464,0.12628020346164703
465,0.08781690895557404
466,0.08773946762084961
467,0.11754672974348068
468,0.09165434539318085
469,0.09369228780269623
470,0.08697632700204849
471,0.08305368572473526
472,0.08041194826364517
473,0.08360020071268082
474,0.12596847116947174
475,0.09094806015491486
476,0.08045192062854767
477,0.08681891858577728
478,0.13264626264572144
479,0.09469781070947647
480,0.09331757575273514
481,0.09432709962129593
482,0.08619196712970734
483,0.10958387702703476
484,0.9980370998382568
485,0.08080446720123291
486,0.0876050665974617
487,0.07693323493003845
488,0.08429677039384842
489,0.11544156819581985
490,0.12245364487171173
491,0.17304958403110504
492,0.08519434928894043
493,0.18889175355434418
494,0.07791650295257568
495,0.18177299201488495
496,0.0737878605723381
497,0.16832605004310608
498,0.1654966026544571
499,0.1648322194814682
500,0.17457018792629242
501,0.1978994905948639
502,0.11099440604448318
503,0.26410776376724243
504,0.20572680234909058
505,0.10127274692058563
506,0.23568816483020782
507,0.11812826246023178
508,0.10525529831647873
509,0.321459025144577
510,0.22832714021205902
511,0.21527953445911407
512,0.1749190390110016
513,0.2171548306941986
514,0.23570102453231812
515,0.12100516259670258
516,0.21302124857902527
517,0.2099185585975647
518,0.1836693435907364
519,0.13844890892505646
520,0.21984511613845825
521,0.15828591585159302
522,0.24970640242099762
523,0.4718579947948456
524,0.20808328688144684
525,0.1468058079481125
526,0.2536046802997589
527,0.1949317455291748
528,0.1300387680530548
529,3.106292247772217
530,0.07802443951368332
531,0.099568672478199
532,0.056244488805532455
533,0.08896124362945557
534,0.17746524512767792
535,0.28280454874038696
536,0.05123770982027054
537,4.569704532623291
538,0.1346547156572342
539,0.15712399780750275
540,0.14935967326164246
541,0.14982560276985168
542,0.5228628516197205
543,0.19399364292621613
544,0.17541727423667908
545,0.06357602775096893
546,0.6826779842376709
547,2.4660518169403076
548,0.1168309673666954
549,0.10369724035263062
550,0.12696151435375214
551,0.06926435232162476
552,0.1603507399559021
553,8.211030960083008
554,0.11662489175796509
555,0.09337601810693741
556,0.11181806772947311
557,0.10778495669364929
558,0.0889970138669014
559,0.26752904057502747
560,0.07490332424640656
561,0.05910727009177208
562,0.11353457719087601
563,0.0745164155960083
564,0.38767874240875244
565,0.1219203844666481
566,0.10279392451047897
567,3.1821699142456055
568,0.053817156702280045
569,0.0362667590379715
570,0.46909868717193604
571,0.09274982661008835
572,0.05372293293476105
573,0.08738801628351212
574,0.08935123682022095
575,0.08814610540866852
576,0.08860208839178085
577,0.09867865592241287
578,0.08711796253919601
579,0.08521107584238052
580,0.0888420045375824
581,0.08311978727579117
582,0.08803164213895798
583,0.060173358768224716
584,0.08854220807552338
585,0.07368607819080353
586,0.07721064984798431
587,0.07589463889598846
588,0.07953809201717377
589,0.07817061990499496
590,0.07201968878507614
591,0.07817061990499496
592,0.07084580510854721
593,0.06583628058433533
594,0.1361517608165741
595,0.17753340303897858
596,0.0533304400742054
597,0.32473284006118774
598,0.09952086955308914
599,0.10084179043769836
600,0.23289978504180908
601,0.15964367985725403
602,0.22503750026226044
603,0.1446840614080429
604,0.372281551361084
605,0.21613962948322296
606,0.2461031973361969
607,0.07475770264863968
608,0.13248218595981598
609,0.3634113073348999
610,0.05149723216891289
611,0.3051174283027649
612,0.07122156023979187
613,0.18504959344863892
614,0.7501102685928345
615,0.17646929621696472
616,1.640628695487976
617,0.16898614168167114
618,0.15777413547039032
619,0.08863039314746857
620,0.06514910608530045
621,0.07813328504562378
622,0.0852300226688385
623,0.08073760569095612
624,0.10235896706581116
625,0.057225972414016724
626,0.05008430778980255
627,3.7974886894226074
628,2.463696241378784
629,0.14576669037342072
630,0.07346020638942719
631,0.33526140451431274
632,0.10016005486249924
633,3.3810038566589355
634,0.13167081773281097
635,1.345849633216858
636,0.23434555530548096
637,1.2406107187271118
638,0.06640366464853287
639,0.6890215873718262
640,0.07969120889902115
641,0.1905628740787506
642,0.1704086810350418
643,0.11087062954902649
644,0.09225022792816162
645,0.11343054473400116
646,3.1884937286376953
647,0.06375332921743393
648,0.1433410346508026
649,0.07751800864934921
650,0.13735248148441315
651,0.05764177441596985
652,0.33241361379623413
653,0.09551294147968292
654,0.14278265833854675
655,0.1874542534351349
656,3.423891305923462
657,0.4907975196838379
658,0.09271197021007538
659,0.09121130406856537
660,0.13742507994174957
661,0.44110748171806335
662,0.08908487111330032
663,0.1119522675871849
664,0.32568949460983276
665,0.05667538195848465
666,0.05689030885696411
667,0.0946148931980133
668,0.09146317839622498
669,0.10954924672842026
670,0.1736971139907837
671,0.060226086527109146
672,0.09208310395479202
673,0.055029526352882385
674,0.0961683914065361
675,0.09987720847129822
676,0.17208440601825714
677,0.09696463495492935
678,0.07136205583810806
679,0.0892731174826622
680,0.1251288801431656
681,0.3029261529445648
682,0.4836623966693878
683,0.07900861650705338
684,0.43751004338264465
685,0.19935856759548187
686,0.1969328671693802
687,0.08133738487958908
688,0.06584605574607849
689,0.12495393306016922
690,3.346310615539551
691,0.23745714128017426
692,0.6920500993728638
693,0.6231017112731934
694,0.9265397191047668
695,2.076913356781006
696,16.817989349365234
697,0.0745263546705246
698,0.0892183780670166
699,0.054238948971033096
700,0.06585359573364258
701,3.5822887420654297
702,0.14802971482276917
703,0.21918168663978577
704,3.984341859817505
705,0.07491042464971542
706,0.08297150582075119
707,0.09349190443754196
708,1.451857328414917
709,0.09553658217191696
710,0.12417277693748474
711,0.29059022665023804
712,0.0630493015050888
713,0.10280167311429977
714,0.09209337830543518
715,0.12111975252628326
716,0.10818123072385788
717,0.05847392603754997
718,0.05769038945436478
719,0.07689783722162247
720,0.09937458485364914
721,0.08539647608995438
722,0.13494859635829926
723,0.11668113619089127
724,0.14537787437438965
725,0.07779927551746368
726,0.18306154012680054
727,0.05904825031757355
728,0.0844818577170372
729,0.08533237129449844
730,0.06812157481908798
731,0.08964928239583969
732,1.4375187158584595
733,0.05793342366814613
734,0.08399662375450134
735,0.14721570909023285
736,3.2461917400360107
737,0.05566388741135597
738,0.07392042130231857
739,0.08613460510969162
740,1.424335241317749
741,0.058970287442207336
742,0.07974599301815033
743,0.10324695706367493
744,3.1570866107940674
745,0.054725877940654755
746,0.057419538497924805
747,0.11344616860151291
748,0.13037943840026855
749,0.3812909722328186
750,0.08328194171190262
751,0.12806469202041626
752,0.07561850547790527
753,0.08994249999523163
754,0.1075621098279953
755,0.07430194318294525
756,0.29081425070762634
757,0.0912783294916153
758,0.3580876290798187
759,0.08641808480024338
760,0.11318030208349228
761,0.1140441745519638
762,0.09578589349985123
763,0.11099062860012054
764,0.13112281262874603
765,0.37650102376937866
766,0.08917661011219025
767,0.10095434635877609
768,0.09983641654253006
769,0.07116886228322983
770,0.10804064571857452
771,0.10644301027059555
772,1.5723648071289062
773,0.08770136535167694
774,0.25436198711395264
775,14.318954467773438
776,0.2442937195301056
777,0.07003137469291687
778,0.13383692502975464
779,0.11389777809381485
780,0.1338655650615692
781,0.05908147990703583
782,0.08120992034673691
783,0.10008272528648376
784,0.31818491220474243
785,0.03347575291991234
786,0.04263408109545708
787,0.0342537984251976
788,0.024786746129393578
789,0.07547818869352341
790,0.0785059779882431
791,0.07906223088502884
792,0.09016718715429306
793,0.07672145217657089
794,0.09086824953556061
795,0.07462835311889648
796,0.07390273362398148
797,0.08285699784755707
798,0.08622021228075027
799,0.10668379068374634
800,0.22906717658042908
801,0.1214708462357521
802,0.10650216042995453
803,0.26848816871643066
804,0.10616368800401688
805,0.0856035128235817
806,0.09631459414958954
807,0.1068129912018776
808,0.11840714514255524
809,0.08667568862438202
810,0.08862597495317459
811,0.12645363807678223
812,0.12356281280517578
813,0.13320495188236237
814,0.08510644733905792
815,0.0871257334947586
816,0.08510644733905792
817,0.08512573689222336
818,0.08512573689222336
819,0.08512573689222336
820,0.08512573689222336
821,0.08512573689222336
822,0.08512573689222336
823,0.1174425482749939
824,0.12333279103040695
825,0.648994505405426
826,2.227736234664917
827,0.07258964329957962
828,0.09770625829696655
829,0.21764080226421356
830,0.11010939627885818
831,0.6460654139518738
832,0.6725560426712036
833,2.219944477081299
834,0.11765740811824799
835,0.08489085733890533
836,0.13530047237873077
837,0.11658278852701187
838,0.14114387333393097
839,0.1291615515947342
840,0.15013952553272247
841,0.15860658884048462
842,0.2043740153312683
843,0.08989493548870087
844,0.15427814424037933
845,0.11153639853000641
846,0.11153639853000641
847,0.11153639853000641
848,0.11153639853000641
849,0.11153639853000641
850,0.11153639853000641
851,0.11153639853000641
852,0.11153639853000641
853,0.11153639853000641
854,0.11153639853000641
855,0.11153639853000641
856,0.11153639853000641
857,0.11153639853000641
858,0.11095011234283447
859,0.1121329590678215
860,0.16226214170455933
861,0.13515032827854156
862,0.13005545735359192
863,0.14251147210597992
864,0.1376652866601944
865,0.13305175304412842
866,0.10234447568655014
867,0.10234447568655014
868,0.10234447568655014
869,0.10234447568655014
870,0.10234447568655014
871,0.10234447568655014
872,0.10234447568655014
873,0.10234447568655014
874,0.10349362343549728
875,0.10224127024412155
876,0.10231152921915054
877,0.10264226794242859
878,0.10240355134010315
879,0.1027698889374733
880,0.10098710656166077
881,0.09804093092679977
882,0.20886586606502533
883,0.09710178524255753
884,0.09746801853179932
885,0.09940344840288162
886,0.20252260565757751
887,0.22212721407413483
888,0.43270784616470337
889,0.13848687708377838
890,0.13848687708377838
891,0.10853138566017151
892,0.12222463637590408
893,0.12071751058101654
894,0.12071751058101654
895,0.09668073058128357
896,0.1081097424030304
897,0.14750948548316956
898,0.14750948548316956
899,0.14750948548316956
900,0.14750948548316956
901,0.11707905679941177
902,0.11707905679941177
903,0.15413032472133636
904,0.12986227869987488
905,0.12986227869987488
906,0.12986227869987488
907,0.12986227869987488
908,0.10573060065507889
909,0.10573060065507889
910,0.1337875872850418
911,0.19651785492897034
912,0.1986430287361145
913,0.2027716338634491
914,0.1831655204296112
915,0.07566776871681213
916,0.07445670664310455
917,0.09522494673728943
918,0.04914821684360504
919,0.04914821684360504
920,0.04914821684360504
921,0.04914821684360504
922,0.04914821684360504
923,0.04472929239273071
924,0.04625869169831276
925,0.04625869169831276
926,0.04626484587788582
927,0.050041232258081436
928,0.04429847374558449
929,0.07040803879499435
930,9.093585968017578
931,0.20202390849590302
932,0.06945600360631943
933,0.07487494498491287
934,0.18319907784461975
935,0.09747122973203659
936,0.1183321624994278
937,0.0913577675819397
938,0.16078346967697144
939,0.10256318002939224
940,0.08898694813251495
941,0.07538248598575592
942,0.07941058278083801
943,0.08387342840433121
944,0.10583792626857758
945,0.17058135569095612
946,0.07130876928567886
947,0.09611863642930984
948,0.07060220837593079
949,0.09991906583309174
950,0.09518911689519882
951,0.1732056587934494
952,0.14089269936084747
953,0.24643594026565552
954,0.0892673209309578
955,0.10218255966901779
956,0.15898266434669495
957,0.282442182302475
958,0.07841026782989502
959,0.12605665624141693
960,0.26565423607826233
961,0.09148293733596802
962,0.08904293179512024
963,0.10072842240333557
964,0.09377934038639069
965,0.14374062418937683
966,0.12091638892889023
967,0.1187061220407486
968,0.11298933625221252
969,0.11289980262517929
970,0.1093055009841919
971,0.16316841542720795
972,0.17213082313537598
973,0.12789994478225708
974,0.13705314695835114
975,0.1387433111667633
976,0.12209556251764297
977,0.13696780800819397
978,0.10535205155611038
979,0.09103100746870041
980,0.10551135987043381
981,0.06867425888776779
982,0.06408652663230896
983,0.07269527018070221
984,0.1054994985461235
985,0.10465800762176514
986,0.07188530266284943
987,0.07610713690519333
988,0.06893246620893478
989,0.06893246620893478
990,0.06960824877023697
991,0.07610713690519333
992,0.06893246620893478
993,0.06893246620893478
994,0.07867663353681564
995,0.6855628490447998
996,1.6596426963806152
997,0.9971129894256592
998,4.579702377319336
999,1.9213200807571411
1000,0.17752905189990997
1001,0.2749110460281372
1002,0.10668773204088211
1003,0.18318168818950653
1004,0.3649479150772095
1005,0.22688910365104675
1006,0.16022886335849762
1007,0.170000359416008
1008,0.2049626111984253
1009,0.05285987630486488
1010,0.056566737592220306
1011,0.09800618141889572
1012,0.034846995025873184
1013,0.0716753825545311
1014,0.0621303990483284
1015,0.07998978346586227
1016,0.11841469258069992
1017,0.06758829951286316
1018,0.1168452799320221
1019,0.07460354268550873
1020,0.09396830946207047
1021,0.061399854719638824
1022,0.10827284306287766
1023,0.06839188933372498
1024,0.16560663282871246
1025,0.17155149579048157
1026,0.15531025826931
1027,0.1511583775281906
1028,0.13959801197052002
1029,0.14112268388271332
1030,0.14351238310337067
1031,0.14476816356182098
1032,0.14919230341911316
1033,0.14917322993278503
1034,0.15607339143753052
1035,0.16430900990962982
1036,0.16371947526931763
1037,0.17230041325092316
1038,0.21279236674308777
1039,0.3025580942630768
1040,0.494532972574234
1041,0.09462299197912216
1042,0.09548798948526382
1043,0.09164101630449295
1044,0.09579989314079285
1045,0.1479082852602005
1046,0.3061040937900543
1047,0.1506878286600113
1048,2.525751829147339
1049,0.16405247151851654
1050,0.15514767169952393
1051,0.08957431465387344
1052,0.13585075736045837
1053,0.9762714505195618
1054,0.10969557613134384
1055,0.08824340254068375
1056,0.08961895108222961
1057,0.13213633000850677
1058,0.10226795077323914
1059,0.1491503268480301
1060,0.14699988067150116
1061,0.13886629045009613
1062,0.14507602155208588
1063,0.1411956250667572
1064,0.18874219059944153
1065,0.12173036485910416
1066,0.1312808245420456
1067,0.11282267421483994
1068,0.11039438843727112
1069,0.09782087802886963
1070,0.9227256774902344
1071,0.17677150666713715
1072,0.11364027112722397
1073,0.19705896079540253
1074,0.18296732008457184
1075,0.1763831228017807
1076,0.16774483025074005
1077,0.16114412248134613
1078,0.15714773535728455
1079,0.15527255833148956
1080,0.151946559548378
1081,0.1584480255842209
1082,0.15930601954460144
1083,0.16915562748908997
1084,0.17765486240386963
1085,0.09205933660268784
1086,0.10700872540473938
1087,0.16275456547737122
1088,0.12011826038360596
1089,0.10552134364843369
1090,0.11889650672674179
1091,0.08679128438234329
1092,0.04131828621029854
1093,0.16157041490077972
1094,0.2587653696537018
1095,0.1894570142030716
1096,0.12218429148197174
1097,0.06610667705535889
1098,0.06180451437830925
1099,0.13386446237564087
1100,0.5741254091262817
1101,6.550132751464844
1102,0.07239134609699249
1103,0.03902553766965866
1104,0.04211529716849327
1105,0.09619908034801483
1106,0.06868442893028259
1107,0.06613939255475998
1108,0.06844967603683472
1109,0.05557815730571747
1110,0.07654805481433868
1111,0.08745796233415604
1112,0.421211302280426
1113,0.4348776638507843
1114,0.4623897969722748
1115,0.4195657968521118
1116,0.4721299111843109
1117,0.46458691358566284
1118,0.5833816528320312
1119,0.3283185362815857
1120,0.07008669525384903
1121,0.16685456037521362
1122,0.100821353495121
1123,0.100821353495121
1124,0.100821353495121
1125,0.100821353495121
1126,0.100821353495121
1127,0.100821353495121
1128,0.100821353495121
1129,0.10241040587425232
1130,0.100821353495121
1131,0.100821353495121
1132,0.100821353495121
1133,0.100821353495121
1134,0.100821353495121
1135,0.100821353495121
1136,0.100821353495121
1137,0.10241040587425232
1138,12.353862762451172
1139,0.6359635591506958
1140,0.100821353495121
1141,0.100821353495121
1142,0.100821353495121
1143,0.100821353495121
1144,0.100821353495121
1145,0.100821353495121
1146,0.100821353495121
1147,0.10241040587425232
1148,0.08085191249847412
1149,0.08085191249847412
1150,0.08085191249847412
1151,0.08085191249847412
1152,0.08085191249847412
1153,0.08085191249847412
1154,0.08085191249847412
1155,0.0825192928314209
1156,0.046286020427942276
1157,0.08085191249847412
1158,0.08085191249847412
1159,0.08085191249847412
1160,0.08085191249847412
1161,0.08085191249847412
1162,0.08085191249847412
1163,0.08085191249847412
1164,0.0825192928314209
1165,0.17961691319942474
1166,0.09549505263566971
1167,0.09549505263566971
1168,0.09549505263566971
1169,0.09549505263566971
1170,0.09549505263566971
1171,0.09549505263566971
1172,0.09549505263566971
1173,0.09674123674631119
1174,0.05446673184633255
1175,0.10293201357126236
1176,0.11280356347560883
1177,0.11865942925214767
1178,0.12090027332305908
1179,0.12497524917125702
1180,0.12354158610105515
1181,0.12773092091083527
1182,0.12535683810710907
1183,0.14334753155708313
1184,0.11808162927627563
1185,0.0815906673669815
1186,0.0704536959528923
1187,0.06238965317606926
1188,0.05659149959683418
1189,0.06508281826972961
1190,0.07019273936748505
1191,0.06963224709033966
1192,0.0703326165676117
1193,0.06967400014400482
1194,0.07037452608346939
1195,0.07038292288780212
1196,0.07364129275083542
1197,0.09211353212594986
1198,0.09226150065660477
1199,0.09304067492485046
1200,0.1890307068824768
1201,0.1411696821451187
1202,0.0773172453045845
1203,0.050394702702760696
1204,0.04640503227710724
1205,0.07525205612182617
1206,0.1842886358499527
1207,0.18396040797233582
1208,0.17364470660686493
1209,0.16930970549583435
1210,0.13160665333271027
1211,0.13130080699920654
1212,0.13576596975326538
1213,0.13441239297389984
1214,0.07542099058628082
1215,0.07474034279584885
1216,0.07967525720596313
1217,0.078417107462883
1218,0.08267494291067123
1219,0.08267494291067123
1220,0.08267494291067123
1221,0.08267494291067123
1222,0.08267494291067123
1223,0.08267494291067123
1224,0.08267494291067123
1225,0.08501570671796799
1226,0.12343917042016983
1227,0.09965579211711884
1228,0.09965579211711884
1229,0.18349771201610565
1230,0.13576596975326538
1231,0.07967525720596313
1232,0.1900496780872345
1233,0.14631684124469757
1234,0.0802074670791626
1235,0.03566046431660652
1236,0.041110679507255554
1237,0.11782436817884445
1238,0.1957722008228302
1239,0.14624625444412231
1240,0.0802074670791626
1241,0.04517192021012306
1242,0.04733925312757492
1243,0.20189617574214935
1244,0.15600335597991943
1245,0.07856512814760208
1246,0.07954612374305725
1247,0.0961209312081337
1248,0.1171993613243103
1249,0.0848938375711441
1250,0.1150486096739769
1251,0.049970220774412155
1252,0.062226906418800354
1253,0.14136125147342682
1254,0.072438545525074
1255,0.027997374534606934
1256,0.06611107289791107
1257,0.04354286938905716
1258,0.05489077791571617
1259,0.13629235327243805
1260,0.0723891332745552
1261,0.038620173931121826
1262,0.06652005761861801
1263,0.09070707857608795
1264,0.13577674329280853
1265,0.08838111907243729
1266,0.10797429829835892
1267,0.1038132980465889
1268,0.08068030327558517
1269,0.07656915485858917
1270,0.06954421103000641
1271,0.059036511927843094
1272,0.2016676664352417
1273,0.1555395871400833
1274,0.09158069640398026
1275,0.07108928263187408
1276,0.2176530957221985
1277,0.18224379420280457
1278,0.09732452034950256
1279,0.0763191282749176
1280,0.0755457654595375
1281,0.14337843656539917
1282,0.09328477829694748
1283,0.05724148079752922
1284,0.06722161173820496
1285,0.060763854533433914
1286,3.216012716293335
1287,3.216012716293335
1288,3.216012716293335
1289,3.216012716293335
1290,3.216012716293335
1291,3.216012716293335
1292,3.216012716293335
1293,3.2203071117401123
1294,0.45949187874794006
1295,0.44122421741485596
1296,0.44122421741485596
1297,0.18538136780261993
1298,0.41709303855895996
1299,0.5858574509620667
1300,0.04554567486047745
1301,0.05772766098380089
1302,0.1381550133228302
1303,0.1381550133228302
1304,0.13979296386241913
1305,0.1070905402302742
1306,0.1070905402302742
1307,0.1087183728814125
1308,0.144370898604393
1309,0.14491119980812073
1310,0.14589974284172058
1311,0.16279184818267822
1312,0.16207340359687805
1313,0.16665782034397125
1314,0.12418524920940399
1315,0.12418524920940399
1316,0.12769225239753723
1317,0.2525367736816406
1318,0.2525367736816406
1319,0.2522231936454773
1320,0.13609926402568817
1321,0.13609926402568817
1322,0.13597114384174347
1323,0.08577019721269608
1324,0.08577019721269608
1325,0.08596553653478622
1326,0.1610572338104248
1327,0.15811891853809357
1328,0.1613130420446396
1329,0.16057981550693512
1330,0.15450911223888397
1331,0.16200248897075653
1332,0.1758051961660385
1333,0.17139311134815216
1334,0.18099598586559296
1335,0.19733425974845886
1336,0.20187444984912872
1337,0.2027682512998581
1338,0.2489512860774994
1339,0.2546710968017578
1340,0.2534259557723999
1341,0.09938135743141174
1342,0.0994027778506279
1343,0.10058502107858658
1344,0.15858323872089386
1345,0.16002923250198364
1346,0.14670675992965698
1347,0.14859694242477417
1348,0.15865519642829895
1349,0.16612832248210907
1350,0.16612832248210907
1351,0.1491423398256302
1352,0.15126022696495056
1353,0.16612832248210907
1354,0.1697222739458084
1355,0.1697222739458084
1356,0.16367635130882263
1357,0.16368426382541656
1358,0.16971813142299652
1359,0.17786253988742828
1360,0.192241832613945
1361,0.23812004923820496
1362,0.1776411384344101
1363,0.17732787132263184
1364,0.21497879922389984
1365,0.22848352789878845
1366,0.19024024903774261
1367,0.1984013319015503
1368,0.19003205001354218
1369,0.20919199287891388
1370,0.213751882314682
1371,0.18377648293972015
1372,0.18377648293972015
1373,0.18377648293972015
1374,0.32666584849357605
1375,0.32666584849357605
1376,0.3140430450439453
1377,0.3140430450439453
1378,0.3140430450439453
1379,0.3260197639465332
1380,0.1637645810842514
1381,0.16361179947853088
1382,0.16361179947853088
1383,0.16361179947853088
1384,0.2816613018512726
1385,0.09414611756801605
1386,0.09414611756801605
1387,0.09414611756801605
1388,0.09414611756801605
1389,0.2734163701534271
1390,0.1634312868118286
1391,0.16823357343673706
1392,0.16380558907985687
1393,0.16536393761634827
1394,0.21271398663520813
1395,0.1720106154680252
1396,0.16227713227272034
1397,0.18121907114982605
1398,0.18121907114982605
1399,0.20947842299938202
1400,0.19486066699028015
1401,0.16793906688690186
1402,0.1852501779794693
1403,0.18332301080226898
1404,0.2113909125328064
1405,0.20281805098056793
1406,0.1860567182302475
1407,0.20237860083580017
1408,0.20011766254901886
1409,0.254990816116333
1410,0.2546710968017578
1411,0.23726405203342438
1412,0.2603158950805664
1413,0.2546710968017578
1414,0.0994374006986618
1415,0.09938372671604156
1416,0.10200674831867218
1417,0.09938623011112213
1418,0.0994027778506279
1419,0.07903347909450531
1420,0.07934422791004181
1421,0.08001494407653809
1422,0.07770407199859619
1423,0.08106817305088043
1424,0.08106817305088043
1425,0.08153828978538513
1426,0.08001405745744705
1427,0.05243835970759392
1428,0.0878404974937439
1429,0.0883287787437439
1430,0.0893733948469162
1431,0.08583852648735046
1432,0.09096517413854599
1433,0.09096517413854599
1434,0.0917007252573967
1435,0.09914091974496841
1436,0.061596404761075974
1437,0.06785298883914948
1438,0.06785298883914948
1439,0.06785298883914948
1440,0.06785298883914948
1441,0.06785298883914948
1442,0.06785298883914948
1443,0.06673295795917511
1444,0.07242405414581299
1445,0.06833133101463318
1446,0.05115881934762001
1447,0.0937095582485199
1448,0.03665204346179962
1449,0.03927505761384964
1450,0.03556610271334648
1451,0.040520645678043365
1452,0.04129216820001602
1453,0.04384658858180046
1454,0.04433293640613556
1455,0.05982593074440956
1456,0.05008549988269806
1457,0.044098861515522
1458,0.08079518377780914
1459,0.07406217604875565
1460,0.07240237295627594
1461,0.08312521874904633
1462,0.08524773269891739
1463,0.08663133531808853
1464,0.08155680447816849
1465,0.0733039528131485
1466,0.06777972728013992
1467,0.05957603454589844
1468,0.06124502792954445
1469,0.06676400452852249
1470,0.045615240931510925
1471,0.183540478348732
1472,0.051413100212812424
1473,0.08039700984954834
1474,0.06456556916236877
1475,0.035189367830753326
1476,0.0417240709066391
1477,0.07421539723873138
1478,0.16635499894618988
1479,0.18017083406448364
1480,0.07042070478200912
1481,0.04949096962809563
1482,0.05770571157336235
1483,0.08241690695285797
1484,0.07768033444881439
1485,0.09917519986629486
1486,0.11440403014421463
1487,0.11667454242706299
1488,0.11769884079694748
1489,0.11671872437000275
1490,0.11776946485042572
1491,0.11677557975053787
1492,0.11913606524467468
1493,0.10069384425878525
1494,0.09444233030080795
1495,0.09442592412233353
1496,0.0944753885269165
1497,0.0944424569606781
1498,0.09441789984703064
1499,0.09439355880022049
1500,0.09518629312515259
1501,0.1252593696117401
1502,0.1110917180776596
1503,0.1110917180776596
1504,0.1110917180776596
1505,0.1110917180776596
1506,0.1110917180776596
1507,0.1110917180776596
1508,0.1110917180776596
1509,0.1662950962781906
1510,0.14657938480377197
1511,0.14873087406158447
1512,0.1466742902994156
1513,0.14859870076179504
1514,0.14642147719860077
1515,0.14840102195739746
1516,0.14912718534469604
1517,0.11891204863786697
1518,0.11537405103445053
1519,0.11537405103445053
1520,0.11558864265680313
1521,0.11558864265680313
1522,0.11620398610830307
1523,0.11620398610830307
1524,0.11620398610830307
1525,0.14638251066207886
1526,0.14633619785308838
1527,0.14590705931186676
1528,0.14443223178386688
1529,0.1455981582403183
1530,0.14638417959213257
1531,0.14624206721782684
1532,0.14638417959213257
1533,0.1593226045370102
1534,0.1581176370382309
1535,0.15773186087608337
1536,0.15449897944927216
1537,0.1540985405445099
1538,0.14973187446594238
1539,0.1489029824733734
1540,0.16345712542533875
1541,0.16821041703224182
1542,0.16593320667743683
1543,0.16342619061470032
1544,0.1530437469482422
1545,0.14922402799129486
1546,0.1354709267616272
1547,0.13953454792499542
1548,0.15389931201934814
1549,0.07964308559894562
1550,0.07668785750865936
1551,0.07906380295753479
1552,0.07661761343479156
1553,0.07902687042951584
1554,0.07658272236585617
1555,0.07895346730947495
1556,0.07650797814130783
1557,0.05392974615097046
1558,0.04889998957514763
1559,0.050407785922288895
1560,0.04889998957514763
1561,0.050407785922288895
1562,0.04889998957514763
1563,0.050407785922288895
1564,0.0490277037024498
1565,0.09413505345582962
1566,0.06291650980710983
1567,0.06967771053314209
1568,0.07441019266843796
1569,0.0795631930232048
1570,0.07964038848876953
1571,0.08513246476650238
1572,0.0800224021077156
1573,0.05800721049308777
1574,0.061348721385002136
1575,0.06341419368982315
1576,0.06499619036912918
1577,0.06318150460720062
1578,0.06489558517932892
1579,0.06314979493618011
1580,0.05623434856534004
1581,0.056123994290828705
1582,0.056158456951379776
1583,0.05612650141119957
1584,0.05615957826375961
1585,0.05612786114215851
1586,0.056162044405937195
1587,0.055652741342782974
1588,0.10196642577648163
1589,0.10251884907484055
1590,0.10160079598426819
1591,0.10273653268814087
1592,0.10229149460792542
1593,0.10265681892633438
1594,0.10292322933673859
1595,0.09399548918008804
1596,0.15364143252372742
1597,0.16625598073005676
1598,0.16361172497272491
1599,0.1668914556503296
1600,0.1569361388683319
1601,0.15691691637039185
1602,0.1514778584241867
1603,0.13793915510177612
1604,0.03597358241677284
1605,0.054761335253715515
1606,0.23477010428905487
1607,0.19425447285175323
1608,0.18845190107822418
1609,0.18831942975521088
1610,0.19152259826660156
1611,0.1915617287158966
1612,0.17343555390834808
1613,0.17336726188659668
1614,0.17671316862106323
1615,0.14070899784564972
1616,0.14086495339870453
1617,0.14086495339870453
1618,0.14086495339870453
1619,0.14086495339870453
1620,0.14086495339870453
1621,0.14086495339870453
1622,0.14070899784564972
1623,0.07588831335306168
1624,0.07588831335306168
1625,0.07588831335306168
1626,0.07588831335306168
1627,0.07588831335306168
1628,0.07588831335306168
1629,0.07588831335306168
1630,0.07588831335306168
1631,0.19133827090263367
1632,0.18554183840751648
1633,0.18546107411384583
1634,0.18718600273132324
1635,0.1872248351573944
1636,0.14070899784564972
1637,0.14086495339870453
1638,0.14086495339870453
1639,0.14086495339870453
1640,0.14086495339870453
1641,0.07588831335306168
1642,0.07588831335306168
1643,0.07588831335306168
1644,0.07588831335306168
1645,0.07588831335306168
1646,0.20209909975528717
1647,0.19637157022953033
1648,0.19608183205127716
1649,0.2024843394756317
1650,0.20252567529678345
1651,0.1862708479166031
1652,0.17418727278709412
1653,0.17971184849739075
1654,0.14815157651901245
1655,0.14822131395339966
1656,0.14822131395339966
1657,0.14822131395339966
1658,0.14822131395339966
1659,0.14822131395339966
1660,0.13679224252700806
1661,0.14055341482162476
1662,0.08435246348381042
1663,0.08446142077445984
1664,0.08473513275384903
1665,0.0843200609087944
1666,0.0843200609087944
1667,0.0843200609087944
1668,0.07247258722782135
1669,0.07577952742576599
1670,0.1697826087474823
1671,0.16715799272060394
1672,0.17313437163829803
1673,0.13105188310146332
1674,0.13120292127132416
1675,0.13090112805366516
1676,0.0745527371764183
1677,0.07443699240684509
1678,0.07443699240684509
1679,0.19175982475280762
1680,0.1860143095254898
1681,0.185434952378273
1682,0.19044476747512817
1683,0.1904454380273819
1684,0.13714858889579773
1685,0.13721849024295807
1686,0.13721849024295807
1687,0.13721849024295807
1688,0.13721849024295807
1689,0.08119148015975952
1690,0.08119148015975952
1691,0.08119148015975952
1692,0.08119148015975952
1693,0.08119148015975952
1694,0.2156621664762497
1695,0.209674671292305
1696,0.20958897471427917
1697,0.21251466870307922
1698,0.212541401386261
1699,0.1946878731250763
1700,0.19455260038375854
1701,0.19803179800510406
1702,0.16359081864356995
1703,0.16374404728412628
1704,0.16374404728412628
1705,0.16374404728412628
1706,0.16374404728412628
1707,0.16374404728412628
1708,0.16374404728412628
1709,0.16359081864356995
1710,0.08463605493307114
1711,0.08463605493307114
1712,0.08463605493307114
1713,0.08463605493307114
1714,0.08463605493307114
1715,0.08463605493307114
1716,0.08463605493307114
1717,0.08463605493307114
1718,0.05318113788962364
1719,0.05318113788962364
1720,0.05318113788962364
1721,0.05318113788962364
1722,0.05318113788962364
1723,0.05318113788962364
1724,0.05318113788962364
1725,0.05318113788962364
1726,0.08130837976932526
1727,0.08130837976932526
1728,0.08130837976932526
1729,0.08130837976932526
1730,0.08130837976932526
1731,0.08130837976932526
1732,0.08130837976932526
1733,0.08130837976932526
1734,0.3131655156612396
1735,0.8922023177146912
1736,0.06578579545021057
1737,0.06806802749633789
1738,0.0699557289481163
1739,0.0706205740571022
1740,0.07190607488155365
1741,0.07053636759519577
1742,0.07182610034942627
1743,0.07246191054582596
1744,0.11160539835691452
1745,0.11696257442235947
1746,0.11975738406181335
1747,0.11976765096187592
1748,0.11977802962064743
1749,0.06449761986732483
1750,0.06446561962366104
1751,0.06632789224386215
1752,0.08637663722038269
1753,0.09357745200395584
1754,0.09879054129123688
1755,0.10138344019651413
1756,0.10425076633691788
1757,0.07191773504018784
1758,0.07380683720111847
1759,0.07332149147987366
1760,0.10179693251848221
1761,0.10807821154594421
1762,0.11183616518974304
1763,0.11165880411863327
1764,0.11369765549898148
1765,0.09209153801202774
1766,0.0932859480381012
1767,0.0881715640425682
1768,0.20643122494220734
1769,0.2112782895565033
1770,0.21132799983024597
1771,0.21132799983024597
1772,0.21132799983024597
1773,0.1969645619392395
1774,0.1969645619392395
1775,0.19691221415996552
1776,0.12016183882951736
1777,0.12057662755250931
1778,0.12018632888793945
1779,0.12057662755250931
1780,0.12018632888793945
1781,0.11724480986595154
1782,0.11724480986595154
1783,0.11727811396121979
1784,0.10587157309055328
1785,0.11263085901737213
1786,0.11733071506023407
1787,0.11929740011692047
1788,0.12180992215871811
1789,0.11915086209774017
1790,0.1220979243516922
1791,0.11989539861679077
1792,0.19517633318901062
1793,0.18925780057907104
1794,0.18846848607063293
1795,0.19283141195774078
1796,0.19284942746162415
1797,0.17669638991355896
1798,0.17697371542453766
1799,0.18031324446201324
1800,0.13676327466964722
1801,0.13690675795078278
1802,0.13690675795078278
1803,0.13690675795078278
1804,0.13690675795078278
1805,0.13690675795078278
1806,0.13690675795078278
1807,0.13718867301940918
1808,0.07300497591495514
1809,0.07294230163097382
1810,0.07300497591495514
1811,0.07294230163097382
1812,0.07300497591495514
1813,0.07294230163097382
1814,0.07294230163097382
1815,0.0733940377831459
1816,0.055157456547021866
1817,0.05226694792509079
1818,0.0523412860929966
1819,0.05631754919886589
1820,0.061332788318395615
1821,0.060377057641744614
1822,0.06609798967838287
1823,0.06113995984196663
1824,0.100821353495121
1825,0.100821353495121
1826,0.100821353495121
1827,0.100821353495121
1828,0.100821353495121
1829,0.100821353495121
1830,0.100821353495121
1831,0.10241040587425232
1832,0.31392985582351685
1833,0.1545065939426422
1834,0.15093795955181122
1835,0.14782047271728516
1836,0.05366675555706024
1837,0.04663620516657829
1838,0.047285668551921844
1839,0.04801754653453827
1840,0.05482817441225052
1841,0.0470726303756237
1842,0.053692132234573364
1843,0.04759969189763069
1844,0.06416656076908112
1845,0.04761587083339691
1846,0.054301124066114426
1847,0.047571469098329544
1848,0.06315876543521881
1849,0.1586785614490509
1850,0.08846129477024078
1851,0.08475352823734283
1852,0.08214429020881653
1853,0.08608809113502502
1854,0.08642879128456116
1855,0.08608809113502502
1856,0.07793012261390686
1857,0.10332124680280685
1858,0.08281014114618301
1859,0.08068650960922241
1860,0.0705418661236763
1861,0.07317033410072327
1862,0.09947174042463303
1863,0.15859024226665497
1864,0.11539068818092346
1865,0.11356358230113983
1866,0.09803911298513412
1867,0.11490176618099213
1868,0.06417988240718842
1869,0.06417988240718842
1870,0.06417988240718842
1871,0.06417988240718842
1872,0.06417988240718842
1873,0.06417988240718842
1874,0.06417988240718842
1875,0.06417353451251984
1876,0.06417988240718842
1877,0.09496933966875076
1878,0.11259866505861282
1879,0.18923629820346832
1880,0.16897648572921753
1881,0.1554764360189438
1882,0.06735710799694061
1883,0.8440201878547668
1884,0.7700486779212952
1885,0.09414705634117126
1886,0.09414705634117126
1887,0.09414705634117126
1888,0.09414705634117126
1889,0.09414705634117126
1890,0.09414705634117126
1891,0.09414705634117126
1892,0.09414705634117126
1893,0.09414705634117126
1894,0.09414705634117126
1895,0.09414705634117126
1896,0.09414705634117126
1897,0.09426189959049225
1898,0.10627205669879913
1899,0.10781735926866531
1900,0.10843127965927124
1901,0.10678449273109436
1902,0.11550053209066391
1903,0.127632275223732
1904,0.09234247356653214
1905,0.09300707280635834
1906,0.08232875913381577
1907,0.07859867066144943
1908,0.07859867066144943
1909,0.0879487618803978
1910,0.0879487618803978
1911,0.0879487618803978
1912,0.0879487618803978
1913,0.0879487618803978
1914,0.08573883026838303
1915,0.08573883026838303
1916,0.08573883026838303
1917,0.08573883026838303
1918,0.08573883026838303
1919,0.08573883026838303
1920,0.08573883026838303
1921,0.08573883026838303
1922,0.09032212942838669
1923,0.08853881806135178
1924,0.08818583190441132
1925,0.08740399777889252
1926,0.08787712454795837
1927,0.0859813317656517
1928,0.08599379658699036
1929,0.0842650979757309
1930,0.06540021300315857
1931,0.06572118401527405
1932,0.06558793783187866
1933,0.06548630446195602
1934,0.06549277901649475
1935,0.06555283814668655
1936,0.06566814333200455
1937,0.06732460856437683
1938,0.16574200987815857
1939,0.16574200987815857
1940,0.16574200987815857
1941,0.16574200987815857
1942,0.15112967789173126
1943,0.17347833514213562
1944,0.17347833514213562
1945,0.17347833514213562
1946,0.17347833514213562
1947,0.17347833514213562
1948,0.17347833514213562
1949,0.17347833514213562
1950,0.17347833514213562
1951,0.07569455355405807
1952,0.10918165743350983
1953,0.1103372573852539
1954,0.12489794194698334
1955,0.11246221512556076
1956,0.12667091190814972
1957,0.11433789879083633
1958,0.11569862812757492
1959,0.10832085460424423
1960,0.053749386221170425
1961,0.05413394421339035
1962,0.05528727546334267
1963,0.05413394421339035
1964,0.05528727546334267
1965,0.05413394421339035
1966,0.05528727546334267
1967,0.05413394421339035
1968,0.12252816557884216
1969,0.9976698756217957
1970,0.0910465270280838
1971,0.08837392926216125
1972,0.10240168869495392
1973,0.14522431790828705
1974,0.03341763839125633
1975,0.07682081311941147
1976,0.04402725398540497
1977,0.20672693848609924
1978,0.20921652019023895
1979,0.14431822299957275
1980,0.14431822299957275
1981,0.08704773336648941
1982,0.1262509822845459
1983,0.2527121901512146
1984,0.15761330723762512
1985,0.2216944843530655
1986,0.10374230891466141
1987,0.10374230891466141
1988,0.09262203425168991
1989,0.12091220170259476
1990,0.12121649831533432
1991,0.12178494036197662
1992,0.12178494036197662
1993,0.12511077523231506
1994,0.12242061644792557
1995,0.12091220170259476
1996,0.16061489284038544
1997,0.16797451674938202
1998,0.1649194061756134
1999,0.168778657913208
2000,0.1653956025838852
2001,0.16597618162631989
2002,0.16251660883426666
2003,0.07446805387735367
2004,0.07332734763622284
2005,0.06713654100894928
2006,0.08393098413944244
2007,0.07931596785783768
2008,0.10439586639404297
2009,0.12439662963151932
2010,0.14032399654388428
2011,0.1422615945339203
2012,0.1308998167514801
2013,0.10936351865530014
2014,0.10026197880506516
2015,0.13046081364154816
2016,0.1066189631819725
2017,0.09527788311243057
2018,0.10383156687021255
2019,0.10496842116117477
2020,0.07730620354413986
2021,0.07449457049369812
2022,0.08291971683502197
2023,0.09426050633192062
2024,0.04982035234570503
2025,0.030778149142861366
2026,0.02741520293056965
2027,0.03296402469277382
2028,0.0378977432847023
2029,0.024655260145664215
2030,0.043356940150260925
2031,0.0375368669629097
2032,0.0526164211332798
2033,0.04941971227526665
2034,0.03358256071805954
2035,0.037536803632974625
2036,0.044761743396520615
2037,0.03768904134631157
2038,0.02896941639482975
2039,0.029612401500344276
2040,0.0632413774728775
2041,0.029220523312687874
2042,0.04456331208348274
2043,0.026571523398160934
2044,0.03524105250835419
2045,0.04345673322677612
2046,0.057589564472436905
2047,0.06138954684138298
2048,0.0556979775428772
2049,0.09530314803123474
2050,0.08957632631063461
2051,0.083321213722229
2052,0.07986944913864136
2053,0.08749639987945557
2054,0.07618645578622818
2055,0.09565993398427963
2056,0.07920270413160324
2057,0.15098389983177185
2058,0.1318935602903366
2059,0.1428229808807373
2060,0.13040882349014282
2061,0.12971219420433044
2062,0.12548212707042694
2063,0.11757973581552505
2064,0.12948259711265564
2065,0.09149499237537384
2066,0.09143880754709244
2067,0.09143880754709244
2068,0.09143880754709244
2069,0.07799332588911057
2070,0.08171821385622025
2071,0.08171821385622025
2072,0.08171821385622025
2073,0.08171821385622025
2074,0.06836215406656265
2075,0.09865275770425797
2076,0.09859657287597656
2077,0.09859657287597656
2078,0.09859657287597656
2079,0.09859657287597656
2080,0.09859657287597656
2081,0.09859657287597656
2082,0.09865275770425797
2083,0.08888185769319534
2084,0.08888185769319534
2085,0.08888185769319534
2086,0.08888185769319534
2087,0.08888185769319534
2088,0.08888185769319534
2089,0.08888185769319534
2090,0.08888185769319534
2091,0.07769559323787689
2092,3.2338099479675293
2093,0.12771858274936676
2094,0.11336454749107361
2095,0.11345157027244568
2096,0.1133229061961174
2097,0.11355168372392654
2098,0.11356174945831299
2099,0.11373434960842133
2100,0.11445623636245728
2101,0.1451265513896942
2102,0.13115404546260834
2103,0.1273569017648697
2104,0.1276576966047287
2105,0.1295783370733261
2106,0.12966136634349823
2107,0.10862895101308823
2108,3.2417404651641846
2109,0.05218469351530075
2110,0.08467824757099152
2111,0.08467824757099152
2112,0.05237724259495735
2113,3.2441937923431396
2114,0.07383102923631668
2115,3.23671817779541
2116,0.05237724259495735
2117,3.2441937923431396
2118,0.07383102923631668
2119,3.23671817779541
2120,0.11835520714521408
2121,0.05191102251410484
2122,3.2470929622650146
2123,0.07059497386217117
2124,3.240280866622925
2125,0.06377017498016357
2126,3.85854434967041
2127,0.033167436718940735
2128,0.0395972840487957
2129,0.044559575617313385
2130,0.04767940565943718
2131,0.05621666461229324
2132,0.05066211149096489
2133,0.059385091066360474
2134,0.05098744109272957
2135,0.07249461859464645
2136,0.05113563314080238
2137,0.06014833226799965
2138,0.050986189395189285
2139,0.07136564701795578
2140,0.08179710060358047
2141,0.11891061812639236
2142,0.04149627313017845
2143,0.08619832247495651
2144,0.0732727125287056
2145,0.07332368195056915
2146,0.08662760257720947
2147,0.0844169557094574
2148,0.08662760257720947
2149,0.09080266207456589
2150,0.03227575868368149
2151,0.0654199942946434
2152,0.06130602955818176
2153,0.09080266207456589
2154,0.09040011465549469
2155,0.07880990207195282
2156,0.03249938040971756
2157,0.07328332960605621
2158,0.03240266814827919
2159,0.0733613669872284
2160,0.10338103771209717
2161,0.0829656720161438
2162,0.11806277185678482
2163,0.0920623242855072
2164,0.105618417263031
2165,0.08616475760936737
2166,0.11393404006958008
2167,0.086578868329525
2168,0.041936397552490234
2169,0.041936397552490234
2170,0.041936397552490234
2171,0.041936397552490234
2172,0.041936397552490234
2173,0.041936397552490234
2174,0.04187817871570587
2175,0.04481885954737663
2176,0.04323127493262291
2177,0.06936077773571014
2178,0.06936077773571014
2179,0.06936077773571014
2180,0.06936077773571014
2181,0.06936077773571014
2182,0.06936077773571014
2183,0.06739132851362228
2184,0.07360167056322098
2185,0.06457135826349258
2186,0.08373431861400604
2187,0.7167435884475708
2188,0.03778522089123726
2189,0.037462249398231506
2190,0.03715420886874199
2191,0.03732261434197426
2192,0.03195016086101532
2193,0.0344051867723465
2194,0.03742019087076187
2195,0.07913561910390854
2196,0.04947212338447571
2197,0.052217449992895126
2198,0.155778169631958
2199,0.07240164279937744
2200,0.07358258962631226
2201,0.07480796426534653
2202,0.11054246127605438
2203,0.10468394309282303
2204,0.10013721138238907
2205,0.03931180760264397
2206,0.07612015306949615
2207,0.5080556869506836
2208,0.29068297147750854
2209,0.07389217615127563
2210,0.07389217615127563
2211,0.07389217615127563
2212,0.07389217615127563
2213,0.07389217615127563
2214,0.07389217615127563
2215,0.07389217615127563
2216,0.07389217615127563
2217,0.07389217615127563
2218,0.07389217615127563
2219,0.07389217615127563
2220,0.07389217615127563
2221,0.07389217615127563
2222,0.09600915759801865
2223,0.09631004929542542
2224,0.09804920852184296
2225,0.09613305330276489
2226,0.09613305330276489
2227,0.09692060947418213
2228,0.0758008286356926
2229,0.07410493493080139
2230,0.07404845207929611
2231,0.07398267835378647
2232,0.07398267835378647
2233,0.08901761472225189
2234,0.08901761472225189
2235,0.08901761472225189
2236,0.08901761472225189
2237,0.08901761472225189
2238,0.03780719265341759
2239,0.03780719265341759
2240,0.03780719265341759
2241,0.03780719265341759
2242,0.03780719265341759
2243,0.03780719265341759
2244,0.03780719265341759
2245,0.03780719265341759
2246,0.08436628431081772
2247,0.08436628431081772
2248,0.08436628431081772
2249,0.08436628431081772
2250,0.08436628431081772
2251,0.08436628431081772
2252,0.08436628431081772
2253,0.08436628431081772
2254,0.08092378824949265
2255,0.0806874930858612
2256,0.0809827372431755
2257,0.08061763644218445
2258,0.0811542272567749
2259,0.08049707859754562
2260,0.08055993169546127
2261,0.08135554194450378
2262,0.05771268159151077
2263,0.06112159043550491
2264,0.06346655637025833
2265,0.06542202085256577
2266,0.06685218960046768
2267,0.06587754189968109
2268,0.06688234955072403
2269,0.06617159396409988
2270,0.07778698951005936
2271,0.07773581892251968
2272,0.07778144627809525
2273,0.07779189944267273
2274,0.07778144627809525
2275,0.07779189944267273
2276,0.07779189944267273
2277,0.07916783541440964
2278,0.10052129626274109
2279,0.0955631360411644
2280,0.10002053529024124
2281,0.10488712787628174
2282,0.10689070075750351
2283,0.11125342547893524
2284,0.11261826008558273
2285,0.18630507588386536
2286,0.19825363159179688
2287,0.201496422290802
2288,0.21730944514274597
2289,0.21002055704593658
2290,0.21551497280597687
2291,0.20432761311531067
2292,0.23479768633842468
2293,0.14659824967384338
2294,0.14525584876537323
2295,0.14517337083816528
2296,0.14529193937778473
2297,0.11180361360311508
2298,0.10551995784044266
2299,0.10717319697141647
2300,0.0908714160323143
2301,0.10751727968454361
2302,0.09057718515396118
2303,0.1070033609867096
2304,0.09058932214975357
2305,0.09819667041301727
2306,0.1514621526002884
2307,0.15149810910224915
2308,0.04998931661248207
2309,0.049348823726177216
2310,0.052154988050460815
2311,0.05053814873099327
2312,0.054701630026102066
2313,0.05405822768807411
2314,0.05683397501707077
2315,0.12082773447036743
2316,0.10906713455915451
2317,0.07487203180789948
2318,0.07028936594724655
2319,0.07281327247619629
2320,0.07150658965110779
2321,0.07784119993448257
2322,0.07691790163516998
2323,0.08302583545446396
2324,0.12623217701911926
2325,0.1197686418890953
2326,0.11441075801849365
2327,0.10812535136938095
2328,0.12039478868246078
2329,0.10447842627763748
2330,0.12026753276586533
2331,0.10801658034324646
2332,0.12025342136621475
2333,0.10240863263607025
2334,0.09800359606742859
2335,0.09395680576562881
2336,0.09352393448352814
2337,0.09395680576562881
2338,0.08932197839021683
2339,0.08620098233222961
2340,0.14332075417041779
2341,0.1252722442150116
2342,0.12804564833641052
2343,0.12638571858406067
2344,0.13019444048404694
2345,0.1283918172121048
2346,0.1317182332277298
2347,0.07880670577287674
2348,0.07250604033470154
2349,0.08172423392534256
2350,0.08326327800750732
2351,0.08988849073648453
2352,0.07600640505552292
2353,0.08679318428039551
2354,0.05919376388192177
2355,0.04712283983826637
2356,0.05242401361465454
2357,0.0499550960958004
2358,0.05248686298727989
2359,0.05050959810614586
2360,0.05636000633239746
2361,0.054003942757844925
2362,0.05787027254700661
2363,0.056018903851509094
2364,0.05628122761845589
2365,0.05901885777711868
2366,0.06385084986686707
2367,0.034331388771533966
2368,0.033827245235443115
2369,0.14529331028461456
2370,0.05465713515877724
2371,0.052018892019987106
2372,0.0414571538567543
2373,0.04259059205651283
2374,0.043840304017066956
2375,0.03654028847813606
2376,0.03582235053181648
2377,0.04172837734222412
2378,0.05248675122857094
2379,0.06822927296161652
2380,0.06059536710381508
2381,0.05906684324145317
2382,0.063265360891819
2383,0.08977190405130386
2384,0.10660196840763092
2385,0.10854022949934006
2386,0.05649910867214203
2387,0.09852568805217743
2388,0.08536787331104279
2389,0.10028109699487686
2390,0.10443577170372009
2391,0.0956444963812828
2392,0.08861692994832993
2393,0.09136531502008438
2394,0.08513057231903076
2395,0.08405330032110214
2396,0.06728406995534897
2397,0.08084992319345474
2398,0.11294630169868469
2399,0.11378808319568634
2400,0.11969167739152908
2401,0.11804746836423874
2402,0.060253772884607315
2403,0.058432772755622864
2404,0.09059207886457443
2405,0.1009221225976944
2406,0.20774352550506592
2407,0.04158243164420128
2408,0.0331188440322876
2409,0.033741388469934464
2410,0.03388196974992752
2411,0.030936406925320625
2412,0.025475207716226578
2413,0.03166395053267479
2414,0.04071897268295288
2415,0.09069275856018066
2416,0.12067597359418869
2417,0.06051204353570938
2418,0.052438754588365555
2419,0.053857263177633286
2420,0.05524758622050285
2421,0.04530631750822067
2422,0.041207171976566315
2423,0.04797864705324173
2424,0.059564102441072464
2425,0.08932856470346451
2426,0.054883282631635666
2427,0.05511985346674919
2428,0.055884622037410736
2429,0.05511985346674919
2430,0.05569722130894661
2431,0.05511985346674919
2432,0.055884622037410736
2433,0.05511985346674919
2434,0.037680383771657944
2435,0.04079969972372055
2436,0.04222716763615608
2437,0.04079969972372055
